i,xi,yi
0,0.0000000000000000,0.5000000000000000
1,0.2000000000000000,0.8292999999999999
2,0.4000000000000000,1.2140910199999999
3,0.6000000000000001,1.6489467718280000
4,0.8000000000000000,2.1272395871107190
5,1.0000000000000000,2.6408744316970321
6,1.2000000000000000,3.1799640308747552
7,1.3999999999999999,3.7324320673104259
8,1.5999999999999999,4.2835285270129546
9,1.7999999999999998,4.8152377428936228
10,1.9999999999999998,5.3055553791702712
