i,xi,yi
0,0.0000000000000000,0.5000000000000000
1,0.2000000000000000,0.8000000000000000
2,0.4000000000000000,1.1520000000000001
3,0.6000000000000001,1.5504000000000002
4,0.8000000000000000,1.9884800000000002
5,1.0000000000000000,2.4581760000000004
6,1.2000000000000000,2.9498112000000005
7,1.3999999999999999,3.4517734400000006
8,1.5999999999999999,3.9501281280000011
9,1.7999999999999998,4.4281537536000011
10,1.9999999999999998,4.8657845043200014
