i,xi,yi
0,0.0000000000000000,0.5000000000000000
1,0.2000000000000000,0.8292933333333334
2,0.4000000000000000,1.2140762106666667
3,0.6000000000000001,1.6489220170416001
4,0.8000000000000000,2.1272026849479437
5,1.0000000000000000,2.6408226927287517
6,1.2000000000000000,3.1798941702322305
7,1.3999999999999999,3.7323400728549796
8,1.5999999999999999,4.2834094983184059
9,1.7999999999999998,4.8150856945794347
10,1.9999999999999998,5.3053630006926547
